epoch,train_loss,loss,MA_dice,MA_iou,MA_sensitivity,MA_specificity,MA_precision,HE_dice,HE_iou,HE_sensitivity,HE_specificity,HE_precision,EX_dice,EX_iou,EX_sensitivity,EX_specificity,EX_precision,SE_dice,SE_iou,SE_sensitivity,SE_specificity,SE_precision,mean_dice,fold
1,1.031489820331915,1.0230008506774901,0.00522528688908686,0.002619487230685871,0.42375391772166027,0.7600772598577431,0.0026288515585082993,0.11101383370143951,0.05876900301445176,0.2212697000754765,0.9803808916706308,0.07409382615772464,0.19254157073110445,0.1065261405812754,0.7770387117560247,0.9255619212837845,0.10988491693024398,0.004249948211251491,0.0021294992363617006,0.3635536849765526,0.6330930036014373,0.002137467620429724,0.07825765988322057,5
2,1.018611698762916,1.0180552887916565,0.0040995442160659335,0.0020539823036702983,0.4274732388084175,0.6909082624302137,0.002059648304397574,0.1615903233165664,0.08789679763223085,0.46351052926734376,0.9696791921429345,0.09785185365414638,0.35334538100321977,0.2145837851646764,0.8686666831410169,0.9639520712766292,0.2217789196034367,0.0050880352059232605,0.0025505061355079245,0.007798664602094347,0.995551671638742,0.003775694167671181,0.13103082093544383,5
3,1.0132796775970014,1.0135034489631654,0.002067513184283364,0.0010348263507044824,0.1819870756338089,0.7390463017251415,0.0010396622737707658,0.2357011986705966,0.133594830134789,0.4669850907895913,0.9822933820542158,0.1576311541176147,0.43628447481341703,0.27900501580130366,0.7758096635084208,0.9789419543547516,0.30347272922591256,0.02513298787072875,0.012726420420467822,0.022153057950868124,0.9983987217211584,0.029039212375019777,0.17479654363475644,5
4,1.0086124314408358,1.009233067035675,0.00196845111012766,0.000985195209366629,0.1773168956654815,0.7328992831709313,0.0009897191481842355,0.24176154925545845,0.13750213979969475,0.498288631485352,0.9813828511073679,0.159597938060066,0.46511058520254894,0.3030254692739117,0.8910497219021949,0.9770511710138637,0.3146850141454392,0.04471017423291029,0.022866264450352666,0.03365526719355855,0.9989799948786752,0.0665800389829244,0.1883876899502613,5
5,1.003080932082833,1.0036876130104064,0.0019713091859914042,0.000986627066496472,0.16310886968509636,0.754779639545432,0.0009916470412476232,0.4000658131590674,0.2500514186455514,0.4748979947015664,0.9936198731147745,0.34560673695591004,0.55447420711543,0.38357960116988055,0.9205025856172483,0.9834460775725647,0.3967218477771507,0.037822652190647246,0.019275858134373536,0.022617895750265234,0.9996251876580756,0.11539899204836705,0.24858349541278404,5
6,0.9979246970744449,0.9995440077781678,0.003987931069390365,0.001997949376897569,0.076017510432357,0.9447122425704506,0.002047676803986891,0.31277618639435606,0.18537919146954224,0.6219147989867444,0.9832917466976954,0.20892479064050423,0.5509487684873728,0.38021345036383597,0.8926345227343668,0.9840616291319665,0.3984345879924712,0.1543480632217127,0.08362793663645456,0.13583621541211766,0.9986504025016515,0.17870163882149157,0.255515237293208,5
7,0.9929706491384989,0.9953784954547882,0.003012251479073641,0.0015083975759606866,0.02970702575034479,0.9721016123557921,0.0015865634114804537,0.3540681312049744,0.2151171247836659,0.6108359600100857,0.9869477886464629,0.24928146882453037,0.6550349699567559,0.4870275102511056,0.885236920497462,0.9903305349320823,0.5198502174153052,0.28435076045704527,0.16573944947678154,0.47588274971781924,0.9959546809225482,0.2027489263688983,0.3241165282744623,5
8,0.9877320265955498,0.9903527247905731,0.0061753615438605814,0.0030972440729128796,0.044386824021970556,0.9801055478815137,0.003318527511104276,0.32046884728719693,0.19080851627526252,0.6996902132926189,0.9810769369452682,0.20782881601652364,0.6817778048700834,0.5171949064344953,0.8656574732054955,0.9920320552193762,0.5623298390230722,0.2450972855572103,0.1396643150301792,0.6040996672873925,0.9928112052320505,0.1537357217848482,0.3133798248145878,5
9,0.9811890612316503,0.98372230052948,0.04932496060620849,0.02528609820197357,0.2113832436725054,0.9890169024590503,0.02791995378237952,0.369990568141715,0.2269867651746809,0.6692073559840142,0.9861767301897736,0.25567352014466077,0.7139767100996498,0.5551817884689958,0.8593136073265514,0.9935215505988273,0.6106898862063312,0.230852279268772,0.13048784822411316,0.6306661580398926,0.9917135015067833,0.14128436732434937,0.3410361295290863,5
10,0.9743596793148768,0.9819217920303345,0.06230939650854432,0.03215652509042754,0.09642806204021533,0.9970172522757969,0.04602470290893752,0.41683723214259905,0.26329398379343605,0.6329425869704227,0.9900385973775297,0.3107410348338545,0.7235809827510842,0.5668835805272133,0.877694779202607,0.9935159373314761,0.615504916198536,0.21923927458049447,0.12311551543730555,0.638169246432335,0.9909560944014391,0.13235442825748092,0.35549172149568053,5
11,0.9672751570490083,0.9785612952709198,0.020957142324283935,0.010589534351483855,0.028759824018319113,0.9974393398872416,0.016484748882391778,0.43282780224120415,0.27618394638458316,0.5923129580569999,0.9918784619608445,0.3410084584465858,0.6760024824115398,0.5105768503575632,0.8908151956242948,0.9911927724981175,0.5446617969741442,0.20376252097825692,0.11343851988283042,0.6292463817178209,0.9901702227481404,0.12156362252073631,0.3333874869888212,5
12,0.9610823928614071,0.9755791747570037,0.036144447755794396,0.018404840271860155,0.024396844611729796,0.999514144620419,0.06971251815799513,0.4296371649434005,0.27359101689892995,0.5710424844816916,0.9922858755221883,0.34436357682714347,0.6940484579865789,0.5314503912729829,0.8123281558821188,0.9937497260568383,0.6058353168635264,0.27563554588465977,0.15984761529204772,0.5734633194977797,0.9944061974988629,0.1814168380285665,0.3588664041426084,5
13,0.9549044836819868,0.9688780236244202,0.04128007674090936,0.02107502775204572,0.028328280372068033,0.9994863922153374,0.07605077906485223,0.4428929386866462,0.2844331964644131,0.6159186278112184,0.9917309327432018,0.34576079098035156,0.7438743375219034,0.5921973889573984,0.8776528162502988,0.9942994568182343,0.6454846814643834,0.2783514706525485,0.1616772912169824,0.6033695687872525,0.9940940868981252,0.180903746142803,0.37659970590050185,5
14,0.9489331008859182,0.965400573015213,0.07549715505807418,0.03922943281519058,0.06077816828042263,0.9991802589005224,0.09962354182456352,0.4331980954148578,0.2764855557981852,0.599437665577352,0.9917122233535607,0.3391445414948735,0.7395691954107699,0.5867590610432605,0.8708091249838619,0.9942749470212052,0.6427066629042704,0.3168424028246461,0.18824286172395893,0.49977137053900983,0.9964223689556684,0.2319447538428167,0.391276712177087,5
15,0.943189452130507,0.9585573470592499,0.07569214297368969,0.03933473674577418,0.05015780600319264,0.9995893790164955,0.154184279162746,0.44830726037966573,0.28891496939618233,0.575815752325367,0.992954139356414,0.3670318270856685,0.7685897793282342,0.6241541335501964,0.8259628515970947,0.9961762235327897,0.7186695216288652,0.27959580325921396,0.16251750826285077,0.5932820832818576,0.9942699805466223,0.18289411995601512,0.3930462464852009,5
16,0.9385235351347274,0.957910041809082,0.07750607906912994,0.04031538317263639,0.051873009139563456,0.999572176345735,0.15321962127277586,0.46248420140854846,0.30079964175474727,0.5154170131301983,0.9949375596759692,0.4194111008515806,0.7661433491080366,0.6209338406971296,0.842696278212516,0.9957763581872435,0.7023407186338572,0.2834838063810903,0.16515067404256553,0.5794582113345697,0.9945767608713042,0.18764096325820032,0.39740435899170135,5
17,0.9331878892178666,0.9538435292243957,0.06583180212040542,0.034036234383777536,0.042583849296531716,0.9996252251908466,0.1449827549722399,0.4521284080271025,0.2920968447071534,0.6449666428171141,0.9914284377508723,0.34806164208588664,0.7789766800414486,0.6379703542991294,0.8258961771284272,0.9965163831230534,0.7371016368338702,0.2590501027825274,0.14879813784222412,0.6333768697722463,0.9929598303678967,0.16282202150408995,0.38899674824287095,5
18,0.9286220537549327,0.9492114853858947,0.1581107556318931,0.08584161947601603,0.21914371500593588,0.9976825732082385,0.12366831910002442,0.34835114474237516,0.21091114109000778,0.6814371628024148,0.9841708904344061,0.2339812635236497,0.7791386178565575,0.6381876183917348,0.8174625562245363,0.9966778775967061,0.7442471343387469,0.28133657887858227,0.16369498263660134,0.5937519736660308,0.9943205417102757,0.18434138635860217,0.391734274277352,5
19,0.9248809239279899,0.9482642328739166,0.15873039227414137,0.08620703432468664,0.315633948588042,0.9960283715920749,0.1060248127497207,0.4690358939471558,0.30636635574458715,0.5306201535397652,0.9948063689308879,0.42026012056463075,0.7843687867966465,0.6452358069432395,0.7578364647798059,0.997936203407958,0.8128263381960246,0.2687669884902173,0.15524599329115263,0.5471772472003509,0.9945423489149227,0.17813154856098792,0.4202255153770402,5
20,0.9206965078639613,0.9462750720977783,0.23912115063068504,0.13579648067011202,0.36243814845856176,0.997509318518108,0.17841628185409011,0.44253544787767346,0.2841383755891344,0.5291621062402468,0.9938814203933719,0.38028136131385437,0.7612788868552121,0.614568427692762,0.8140150665649073,0.9961620359719897,0.7149600146771313,0.3815502310203962,0.23575043126672976,0.4357020692862376,0.998166466956988,0.3393710300751404,0.4561214290959917,5
21,0.9167980836987032,0.942373378276825,0.17828247275233658,0.09786504772876524,0.3491809813597468,0.9961677012182946,0.11969871913016686,0.48008060383391155,0.3158592521714716,0.5344126235183003,0.995090511268785,0.43577659339623226,0.7894912922748232,0.6521979455715486,0.8472203507263624,0.9964636967089673,0.7391276050935569,0.28052293800627603,0.16314433277816542,0.5898892726047363,0.9943452597732154,0.1840160578638546,0.4320943267168369,5
22,0.9117280168292123,0.9378231835365295,0.20922490781700986,0.1168348324311591,0.4056875989718269,0.9963104691955863,0.1409614043025262,0.49293732876286206,0.32708482412230266,0.5186726741825446,0.9958439579826295,0.46963511430390104,0.7792006145634796,0.6382708116164958,0.8262071692305334,0.9965178277950042,0.7372549427506433,0.29279182645523893,0.17150329467282083,0.5430518117307015,0.9953166206641816,0.20042703564542985,0.4435386693996476,5
23,0.9077430905535063,0.936644299030304,0.23317374293894275,0.131973215819693,0.48321916931524145,0.9960281532840704,0.15366079724995044,0.48804354354146423,0.32278941728562416,0.5405619476727678,0.9952130799982822,0.4448263504994094,0.7783049667000439,0.6370697641274263,0.8628422253606429,0.9958088963902285,0.7088546889639596,0.26615384230905503,0.15350487765509666,0.5380901734806149,0.9945838988536865,0.17680256924696658,0.44141902387237647,5
24,0.9038823949687675,0.9309927928447723,0.2437861304182199,0.1388134638045799,0.5350885213048947,0.9957397793254275,0.15785163911620023,0.43496823405504353,0.27792933250299406,0.6016746272697696,0.9917350269657517,0.34059840511710543,0.7837741510356708,0.6444314201207755,0.8376924292772795,0.9964534020428135,0.7363770612545125,0.31913616156397856,0.1898643746545113,0.56129416906465,0.9957708847028903,0.2229495069505362,0.4454161692682282,5
25,0.8998256202801657,0.9302443611621857,0.20026502488235898,0.11127473080825528,0.5560183881480721,0.9940354159875128,0.1221259993687001,0.44607255959584674,0.2870613826600872,0.6259300369346489,0.991624148174634,0.34650600655574837,0.7916491533943172,0.655148424497824,0.8070366275960587,0.9972582442258847,0.7768374754558304,0.25508451949918043,0.14618732101913035,0.6408193271473761,0.9926854303779848,0.15923474915792785,0.4232678143429259,5
26,0.8953348363419915,0.9282678973674774,0.353617135555802,0.21478426628017297,0.5369280675257786,0.9977617207752971,0.26361661250080554,0.477336610644684,0.31348794092094495,0.6047554773461525,0.9934075992008583,0.3942666554380948,0.7726112771603717,0.6294756198939995,0.8490946959294606,0.9958739397121081,0.7087679873090168,0.3192925051706386,0.18997505880885704,0.5822800799319967,0.9955358009602394,0.21995123603769234,0.4807143821328741,5
27,0.8902906680385426,0.922906390428543,0.36176669688668595,0.2208273364967409,0.6048961918103238,0.9974044870143113,0.258047958562919,0.5028720978987575,0.3358912068855246,0.5793405913407013,0.9948574040186771,0.44423632628080983,0.7951342564045117,0.6599359809431773,0.8101596037578378,0.9973079640998579,0.7806560859302301,0.30424049332130343,0.17941252407733893,0.48803168981184475,0.9962813405554715,0.22100914555327267,0.4910033861278147,5
28,0.8837816471719556,0.9142631375789643,0.38368649689741163,0.23738371062359048,0.5631717726571155,0.9979518997934823,0.29095718550442295,0.52591848145514,0.3567770675086722,0.5118349351227343,0.9969163204848746,0.5407989970447848,0.7757483769917909,0.6336510913382688,0.8431187052657516,0.9960905908786026,0.71834799006704,0.36502603934646005,0.22326107212167332,0.5278485841395504,0.9970507243978963,0.2789728279809606,0.5125948486727007,5
29,0.8788982010537084,0.9090077412128449,0.4238652525564145,0.26892704018106284,0.4888292367165055,0.998779712831429,0.37414276677115604,0.5129949938652365,0.3449853845473659,0.5670875795254914,0.9954320166282513,0.468323210694855,0.7871650377978155,0.6490289794817112,0.7838945256531283,0.9975425688994518,0.7904629542998047,0.3513111883179666,0.21308520190637076,0.47181794526548254,0.997375090264484,0.27983793753953345,0.5188341181343583,5
30,0.8719948845614719,0.9091468572616577,0.4475782397797513,0.2883096921524552,0.4801910494923949,0.9990067913600874,0.41911358667046966,0.5016470406475166,0.33479897878289694,0.4922622938139739,0.9966629122572709,0.5113965734343112,0.7838394736549977,0.6445197460985874,0.8393891313156066,0.9964243762674343,0.7351858506824025,0.34394489930916405,0.20768928471386594,0.5300414059323585,0.9966446895270665,0.2545669413626988,0.5192524133478574,5
31,0.8665596977282127,0.9024248898029328,0.4014907650997291,0.2511657463930007,0.5391552715983795,0.9982888691139434,0.31982792097222484,0.4881888227179607,0.3229165322058658,0.5611532883414568,0.9947653114524763,0.43201560197112254,0.7853462885673956,0.6465598229154043,0.8323859808303986,0.9966010673666467,0.7433388183918337,0.33686696536712085,0.2025496207172326,0.4922278614683589,0.9969082760471107,0.2560503159201558,0.5029732104380515,5
32,0.8609163153496234,0.8987458753585815,0.4495942667422288,0.2899849098194782,0.45610871974185785,0.9991450840232853,0.4432632809808597,0.504944833802282,0.3377432787891716,0.5167489799470527,0.9962394401232987,0.49366793027263645,0.7695452864187703,0.6254153671198691,0.8318260085445973,0.996096915453899,0.7159411310057555,0.3273091642980031,0.19567821937680485,0.5256608149315184,0.9963544352426974,0.23763900515885303,0.512848387815321,5
33,0.8544764792408924,0.8976889741420746,0.4361029348481907,0.27885654661419923,0.4632767328490792,0.9990130513421186,0.4119403082148033,0.5095208884368235,0.34185040533877353,0.5563862084969307,0.9955471707536402,0.4699373011875686,0.7971863356325356,0.6627679409110864,0.8273844631702904,0.9970626455689642,0.76911494647933,0.3307881358910444,0.19817025208342678,0.45189307720110755,0.9972321831604313,0.2608750184125673,0.5183995737021485,5
34,0.8512688184062794,0.8962127077579498,0.4434410787520178,0.2848855078332684,0.49153187022989153,0.9989175088439165,0.4039219221928492,0.5299792659026499,0.36052502771541095,0.505353006014,0.9971497076349155,0.5571285918823858,0.8012523591252485,0.6684078715187834,0.8357378882097701,0.9970394205374488,0.7695000401396701,0.3417239224339971,0.2060717916980675,0.4710575312566862,0.9972201572712149,0.268111263686991,0.5290991565534783,5
35,0.8467141355058099,0.8896933770179749,0.4440140503406928,0.2853586502102099,0.4183705935921553,0.9993043888319235,0.47300633029175865,0.5147341748914057,0.3465603033408484,0.5378593390443767,0.9960834260959215,0.4935155632869034,0.7924139746084388,0.6561967080991236,0.753162724402727,0.9982524487148212,0.8359813359803094,0.37043227591076866,0.22731935005516937,0.46974385921491174,0.9976945463788439,0.3057844172333163,0.5303986189378265,5
36,0.8403127492633775,0.8866273140907288,0.4602408918168427,0.29890447757118865,0.4785563036460031,0.9991030542747046,0.4432757452576412,0.5003722438143621,0.3336642988571378,0.596552510974061,0.9944097177963808,0.4308996598563759,0.8006410914056865,0.667557547343414,0.8187037271028068,0.9973223556792158,0.7833582643214234,0.3577639666607667,0.2178517334888675,0.5286923657971517,0.9969154413362351,0.27035658089546083,0.5297545484244145,5
37,0.8379426162530476,0.8811289513111115,0.45844929832763004,0.29739488803735414,0.45602826245187883,0.9992039726075194,0.46089617777206315,0.5056195814103503,0.33834730107582794,0.5493334364666874,0.9955755065056839,0.46835007287143193,0.8070413356693515,0.6765040229806937,0.8340766215533922,0.9972454241408245,0.7817036379304111,0.309616457339249,0.1831634357087693,0.5791171618621859,0.9953267186974064,0.2112896877883959,0.5201816681866452,5
38,0.8336576548067977,0.8847719275951386,0.435848685721175,0.2786486714824318,0.48248408225679684,0.9989083344500242,0.3974339663567632,0.4870959129298771,0.3219608679048543,0.6110332024829648,0.9936294665477732,0.4049574490662988,0.7989667037075534,0.6652327676292964,0.8002064577253655,0.9976005046558937,0.797730785231056,0.3432026040025763,0.20714820341447024,0.5488521790536133,0.996433968859708,0.24965813006924162,0.5162784765902955,5
39,0.8307172579524118,0.8854709100723267,0.45226472140913715,0.2922106432962088,0.4308049020434576,0.9992921908721679,0.47597459270773695,0.5200529653690444,0.35139971444907037,0.6019631427300988,0.9949407208987422,0.45776419144111036,0.7830005004304083,0.6433860496305333,0.8732448412378383,0.9957749300573379,0.7096614683686001,0.3170367033622863,0.1883800460745231,0.5654094993647473,0.9956733013293583,0.22027459278586484,0.5180887226427191,5
40,0.8257914273655368,0.8740890896320344,0.4623845164892091,0.3007153098078851,0.42418546136791135,0.9993872640081601,0.508144292861802,0.5170202942940239,0.3486361224666375,0.5682362268675523,0.995530771910505,0.47427336682252574,0.7920335087822234,0.6556750659397558,0.8060085352645084,0.9972884885985965,0.7785348366423795,0.35343886589300333,0.2146527441780955,0.5783239060523452,0.9963374067583302,0.25448190839762347,0.531219296364615,5
