epoch,train_loss,val_dice,val_iou,val_sensitivity,val_specificity,fold
1,1.4998306632041931,9.094216078565756e-13,9.094216078565756e-13,9.094216078565756e-13,1.0,1
2,1.4874520301818848,9.094216078565756e-13,9.094216078565756e-13,9.094216078565756e-13,1.0,1
3,1.4729326665401459,9.094216078565756e-13,9.094216078565756e-13,9.094216078565756e-13,1.0,1
4,1.456255316734314,1.8185621539032535e-05,9.09289390411627e-06,9.094216987987365e-06,0.9999792887229686,1
5,1.4379307925701141,0.0078072759483420314,0.0039189360823303895,0.003928701346849829,0.9996453193808365,1
6,1.4183237552642822,0.1403339125185916,0.07546188719790428,0.08446707893862818,0.9830141639245821,1
7,1.395523488521576,0.14543070342568812,0.07841750841828417,0.08472171698882801,0.9885570194401239,1
8,1.3679845929145813,0.12381901600526855,0.0659952408974984,0.06835212804740964,0.9949166759435935,1
9,1.3350283801555634,0.22374018070666024,0.12596140400020456,0.13106584212519912,0.9942319093467412,1
10,1.304432600736618,0.3900195408567469,0.24225110226791102,0.2668242997460287,0.9855616509994505,1
11,1.273860603570938,0.3419657948267239,0.20624773226047804,0.2171153146605883,0.9924999288049862,1
12,1.2495895624160767,0.38964872712768067,0.24196505054031012,0.25688432157215635,0.9912235963579231,1
13,1.2279568910598755,0.47589658580160293,0.31224691275449934,0.33940523826906205,0.9876198341544508,1
14,1.206542730331421,0.5429606289940558,0.3726465048226965,0.41920698435847653,0.9822154853040568,1
15,1.1918087601661682,0.5821099997774709,0.41054665713591365,0.47529101491499154,0.9775528590623516,1
16,1.176499992609024,0.5963087285499705,0.42481473004693915,0.4895143688618684,0.9783217652221442,1
17,1.1653029024600983,0.6212862382071807,0.4506274292929245,0.5261185885780956,0.9761548478627288,1
18,1.1544571220874786,0.6246587657463165,0.4541845690284863,0.5181611495093505,0.9799501893787419,1
19,1.1451644003391266,0.6295176720703619,0.4593402331729894,0.5170334667156083,0.9821222845574152,1
20,1.1385593116283417,0.6496587915290256,0.4811071360733544,0.5527919243365289,0.9787916523197953,1
21,1.1294183135032654,0.6602675518951191,0.4928353812952471,0.5752091669701935,0.9762092149649363,1
22,1.1251325011253357,0.6786953367519242,0.5136554464916308,0.6253273917791694,0.9690547632053848,1
23,1.1172162294387817,0.6892119254325473,0.5257996611391269,0.6519370680250528,0.9658535764492113,1
24,1.1095622181892395,0.6906579390204368,0.5274847265686727,0.6438614041472864,0.968596526201064,1
25,1.1058155000209808,0.6904601702602218,0.5272540434281064,0.6439250636598364,0.9685033254544224,1
26,1.0999384224414825,0.6953769349773187,0.5330098429353239,0.6663059294291866,0.9644037870570098,1
27,1.0933959484100342,0.6989214869521542,0.5371862496715142,0.7057384503458478,0.955338719991307,1
28,1.0924783945083618,0.7002043222712625,0.5387033779763039,0.7074572571846968,0.9554112094609171,1
29,1.0877364873886108,0.70127944130627,0.5399771618398284,0.709567115314924,0.9552960029824297,1
30,1.0822741985321045,0.7043446554288539,0.543620383599931,0.6851218624957393,0.9629501143003649,1
31,1.0785043835639954,0.7053837969843441,0.5448593917961477,0.7144961804295067,0.9556843394267693,1
32,1.0729946494102478,0.7070075525896243,0.5467994449664689,0.7095762095310025,0.9576273161032822,1
33,1.0706189274787903,0.7090068017261624,0.5491948390389415,0.7052928337579981,0.9595431092286913,1
34,1.066284418106079,0.7090145206586829,0.549204101831288,0.7266915241908634,0.9540002537131496,1
35,1.0632418990135193,0.7112476984487381,0.5518885961195298,0.7219170607496163,0.956147754250348,1
36,1.0596785843372345,0.7074870156519499,0.5473732366479936,0.7290378319391333,0.9527601660008915,1
37,1.0554459691047668,0.7083213032714295,0.5483726758563021,0.7362586395055145,0.9512314148650076,1
38,1.0520780980587006,0.7157304640702928,0.5573054908231254,0.7198799563480176,0.9584777729163861,1
39,1.0481750071048737,0.7132265454352998,0.5542751468064544,0.7304929065117038,0.9547471541410962,1
40,1.046556979417801,0.7135047078562926,0.5546112078401513,0.7329028737725237,0.9542423167634546,1
41,1.0437491536140442,0.7172000352641642,0.5590895345963389,0.7398326664243908,0.953984720255376,1
42,1.0399180054664612,0.719251873214387,0.5615872927487634,0.7337304474356732,0.9563691060236217,1
43,1.0381051301956177,0.7204460867599176,0.5630447293430569,0.7384867224447631,0.9556480946919643,1
44,1.0342356860637665,0.7128889122734431,0.5538674315461184,0.7393142961079125,0.9523420570958191,1
45,1.0328372716903687,0.715110666608812,0.5565542868362247,0.7477901054931358,0.9510916137450454,1
46,1.0282907485961914,0.7190389857701205,0.5613277670301318,0.752018915969669,0.9516456404056366,1
47,1.02714404463768,0.7204393476090537,0.5630364971469343,0.7510003637688696,0.9524818582157815,1
48,1.0236757397651672,0.7218236916298071,0.564729362375992,0.7462531829758583,0.9542474945827125,1
49,1.0205827057361603,0.71801913953391,0.5600856936920633,0.7631957075302263,0.9483823198183687,1
50,1.0187648087739944,0.7226820091043283,0.5657808112432212,0.765923972353796,0.9496482966269162,1
51,1.0169786661863327,0.7232088234028162,0.5664268649869978,0.7632957439070905,0.9505285259007528,1
52,1.0130850672721863,0.7235948340272287,0.5669005840131875,0.7706620589307288,0.9488392623678752,1
53,1.0119443833827972,0.7235036071080918,0.5667886028797753,0.7679428883232376,0.9494839008654791,1
54,1.0085043907165527,0.7246674291480687,0.5682183970759669,0.7577209894509297,0.9525297530439166,1
55,1.0065911263227463,0.7214077744292957,0.5642203667455261,0.7706256820664145,0.9479292606333058,1
56,1.006423145532608,0.7263187060576809,0.5702515295720121,0.7628592215353194,0.9519239481907468,1
57,1.0015111565589905,0.7261151965520342,0.5700006739909887,0.769106947981294,0.9502799905763754,1
58,0.9998665601015091,0.7250000000001182,0.5686274509806831,0.7666696980722384,0.95042626397041,1
59,0.9985452145338058,0.7281212126441177,0.5724768900014429,0.7676427791926449,0.9514747723701271,1
60,0.9944092780351639,0.7292221947742994,0.573839259527332,0.7650963986906465,0.9525595255046494,1
61,0.993184506893158,0.728481482594313,0.5729224329983306,0.7717988359405494,0.9505906597318471,1
62,0.9895222336053848,0.7239722863742498,0.5673640773187528,0.7839850854858276,0.9456549035242897,1
63,0.9868757724761963,0.7307697316162798,0.5757581975625671,0.7655238268463391,0.9530863686141369,1
64,0.9862229973077774,0.7312941707618941,0.5764095615460686,0.7659967260824245,0.9531834527252218,1
65,0.9847171008586884,0.7330544443042939,0.5785997993433443,0.7657238996000676,0.9539665978879734,1
66,0.9817809164524078,0.7309780619605456,0.5760168835930728,0.7719443433978065,0.9515848010293567,1
67,0.9826086163520813,0.7332636344785834,0.578860490972751,0.7717806475083924,0.9525621144142783,1
68,0.9791074991226196,0.7312353816713879,0.5763365175132721,0.7818752273556003,0.9492379544507306,1
69,0.9770021736621857,0.7289267004448516,0.5734733793087665,0.7706165878503359,0.951068313558385,1
70,0.9756170958280563,0.7232612531981275,0.5664911909425648,0.7789923608586949,0.946606327812922,1
71,0.9741241037845612,0.7379380868272983,0.5847083087804917,0.7579938159332866,0.9578163065061942,1
72,0.9732772260904312,0.7327196980336722,0.5781828194575065,0.7829392506367925,0.9495926350698941,1
73,0.9684625416994095,0.7285947698441695,0.5730625866271224,0.774572571844512,0.9499486101438722,1
74,0.9690132439136505,0.7358835199218094,0.5821326843840172,0.7657511822483033,0.9551031292150743,1
75,0.9641029983758926,0.734893670242014,0.5808947856444442,0.7748363041107904,0.952477974851338,1
76,0.9617535471916199,0.7314530289728965,0.5766069729218147,0.7879683521282393,0.947824409793334,1
77,0.9616563618183136,0.7355453083111054,0.5817095014522338,0.7797108039289017,0.9515511452041806,1
78,0.9582425653934479,0.7352385595028877,0.5813258816730574,0.7681156784287303,0.9542643224953006,1
79,0.9580986350774765,0.734774237571121,0.5807455549756927,0.7687431793381514,0.9539225864242816,1
80,0.9572792649269104,0.7374625854800038,0.5841114702811093,0.7674245180067594,0.9553296588076058,1
1,1.4186035096645355,9.26414867104929e-13,9.26414867104929e-13,9.26414867104929e-13,1.0,2
2,1.4007518589496613,9.26414867104929e-13,9.26414867104929e-13,9.26414867104929e-13,1.0,2
3,1.3831193447113037,9.26414867104929e-13,9.26414867104929e-13,9.26414867104929e-13,1.0,2
4,1.3653704226016998,9.263719568672635e-13,9.263719568672635e-13,9.26414867104929e-13,0.9999935544833081,2
5,1.3482855260372162,0.00020337228313100562,0.00010169648315064789,0.00010190563630795706,0.9997138190588772,2
6,1.3277996182441711,0.0007355104451670201,0.0003678905167018911,0.0003705659477683865,0.9989880538793633,2
7,1.3069091141223907,0.008084928165223805,0.004058871927046294,0.0041132820108723,0.9981346674693485,2
8,1.2832386493682861,0.12199805439316332,0.06496162300541876,0.06680377606786285,0.9960540546811859,2
9,1.2578676044940948,0.3342130025970283,0.20063369633611336,0.21880992746243963,0.9873938584538768,2
10,1.2327837944030762,0.4748661681546747,0.3113603267068892,0.36446087286867657,0.9762688966435646,2
11,1.2063347399234772,0.5769511819344205,0.40543316196204743,0.6071074548607995,0.9307828853484471,2
12,1.1813195943832397,0.5944273001293623,0.42290754521934687,0.6138610192419945,0.9371703923901733,2
13,1.1580273509025574,0.6132797706650368,0.4422519825498024,0.5925905338932653,0.9526976421010899,2
14,1.1375868618488312,0.6130982314979816,0.4420631982901546,0.5421287160820598,0.9685020490297604,2
15,1.119054764509201,0.6100587636652276,0.4389097522383312,0.5164670242632533,0.9754116429235349,2
16,1.101508915424347,0.639287232200671,0.46981791258919675,0.5643534087439072,0.9720006754901529,2
17,1.08595871925354,0.6575717076181467,0.4898374917677635,0.5925534772985811,0.9708211459355254,2
18,1.0716244876384735,0.6740022959351554,0.5082982375227714,0.622791658560886,0.9686567414303673,2
19,1.0592561960220337,0.6861493440469776,0.522243027347355,0.6407918994287348,0.9684131008994115,2
20,1.0481568574905396,0.6969450496249349,0.5348546885337068,0.6668056288970412,0.9656711780986543,2
21,1.039540022611618,0.7041370564450008,0.5433730935414577,0.6815634177300227,0.9646115351544972,2
22,1.0320659279823303,0.7069999033163942,0.5467902942389451,0.6774408715714058,0.9667514466962258,2
23,1.024062380194664,0.7138236788739908,0.5549967505615954,0.6962100367789517,0.9645947768110981,2
24,1.0151454508304596,0.7192381840344394,0.5615706020189413,0.6860657939841527,0.9691517571123094,2
25,1.0084398686885834,0.7250001204640631,0.5686275991870291,0.6969419045239645,0.9686000208834781,2
26,1.0026017129421234,0.7263704473645528,0.570315321171462,0.7315620281076758,0.9606578552156527,2
27,0.9979618191719055,0.7284711302886384,0.5729096268606133,0.7382229510021602,0.9598482983191433,2
28,0.9920380562543869,0.7329360857598037,0.5784523397144612,0.7116255801675777,0.9679644929376515,2
29,0.9874528497457504,0.7367856609968402,0.5832625851749387,0.7319325940545177,0.9645316107475169,2
30,0.9818145483732224,0.7344942651410931,0.5803958408953175,0.7555098524223381,0.95801648247529,2
31,0.9765107780694962,0.7391860716604159,0.586276892288195,0.7599010588924155,0.958791233581663,2
32,0.9712851643562317,0.7374159005249667,0.5840528966203189,0.7757612814172519,0.9543257796174773,2
33,0.9682143777608871,0.7416231303553099,0.5893489845890902,0.7581501347935872,0.9601447920869732,2
34,0.9646779596805573,0.7405306430188218,0.5879703534780587,0.7643293219571771,0.9582627012129227,2
35,0.9599359333515167,0.7460290646445238,0.5949332983808145,0.7568902105743245,0.9621196984013878,2
36,0.9553237855434418,0.7491049698625046,0.5988551811420558,0.7627729449804408,0.961912152763907,2
37,0.9528844803571701,0.7473372299965909,0.5965988994745482,0.766376698813479,0.9604013236513129,2
38,0.9499916583299637,0.7467070332799771,0.5957960773005511,0.765450283946374,0.9603768306878835,2
39,0.9464663714170456,0.7518838657516832,0.6024149877725032,0.766765793057663,0.9620371957877308,2
40,0.9410232901573181,0.7568989143525301,0.608879618151471,0.7598825305950735,0.9654907036312796,2
41,0.9399533271789551,0.7563242778430597,0.6081362403147414,0.7496363821648929,0.967622880552978,2
42,0.937321275472641,0.7525809705257189,0.6033104776692948,0.777641903597475,0.9597915777722541,2
43,0.9333468079566956,0.7532762818677702,0.6042046613153896,0.7795781106697243,0.9596111033048794,2
44,0.9299831092357635,0.7588945918302638,0.6114666706267827,0.7629582279538618,0.9655255094214162,2
45,0.9275774955749512,0.7501123654343196,0.6001438406862457,0.7962443141289419,0.9545320361516199,2
46,0.9239377081394196,0.7535158150309724,0.6045129365599389,0.7820423742162234,0.9591354241730132,2
47,0.9224079847335815,0.7538446632727844,0.6049363518779165,0.7928906923100221,0.956766052237051,2
48,0.9186393618583679,0.7388102266057699,0.5858041685650434,0.82200791158313,0.943893066299881,2
49,0.915940448641777,0.7529604592778028,0.603798383844279,0.8043597083647811,0.9537791998019997,2
50,0.912741631269455,0.7614045955033547,0.6147322949360982,0.7857295053873009,0.9612933831614794,2
51,0.9102558493614197,0.7536037342872189,0.6046261169247199,0.8061569532069647,0.9536193509880392,2
52,0.9077737033367157,0.7597418036757929,0.6125674524285625,0.7992551624470329,0.9575923674769595,2
53,0.904602125287056,0.7584853576044068,0.61093549097498,0.7967353140085075,0.9576813156073085,2
54,0.903120219707489,0.7602562561494084,0.6132366143573,0.7910100701297991,0.9596613783350767,2
55,0.9016373008489609,0.7559095737938192,0.6076001855420718,0.8009134450591507,0.9557283240496465,2
56,0.8983780741691589,0.7537094825414177,0.604762270099385,0.8032850671189393,0.9543219123074622,2
57,0.89658123254776,0.7653293469625176,0.619865180305257,0.7896945610185101,0.961876057870432,2
58,0.8958410024642944,0.7659352845836124,0.6206605496579224,0.7902133533440888,0.9619869207575336,2
59,0.8948598951101303,0.7538114157180484,0.6048935331505717,0.8103072918115948,0.9527466280279487,2
60,0.8931873440742493,0.7505461048777915,0.6006993197652571,0.8164586865291714,0.9500201744672523,2
61,0.8921798318624496,0.7582444916716088,0.6106230144229451,0.8048414440956756,0.9557412150830304,2
62,0.8913407772779465,0.7599240049730516,0.6128043829738894,0.8041003122019917,0.9565623739095853,2
63,0.8907829523086548,0.7498464783186094,0.5998035163795523,0.820136553551578,0.94888447442613,2
64,0.888671413064003,0.7521794340099652,0.6027945479591832,0.8149115737011062,0.9510346987945658,2
65,0.8863978385925293,0.7521245008703832,0.602723990810905,0.8166532336512635,0.9506105837962352,2
66,0.886502206325531,0.7530202833172054,0.6038753263128874,0.8164957431238556,0.9510063385211212,2
67,0.8862426578998566,0.7572364543974429,0.6093165969319322,0.8094642542825292,0.9542922629306793,2
68,0.8856942504644394,0.7539493466939416,0.6050711860659206,0.8106685936097656,0.9527182677545041,2
69,0.8852088004350662,0.750793440606325,0.6010162490428377,0.8141611776587512,0.9506518351030637,2
70,0.8848180025815964,0.7492348379046023,0.5990211916756499,0.8175518560723553,0.9492363996375107,2
1,1.4087202847003937,8.409792362219504e-13,8.409792362219504e-13,8.409792362219504e-13,1.0,3
2,1.3900151550769806,8.409792362219504e-13,8.409792362219504e-13,8.409792362219504e-13,1.0,3
3,1.372234970331192,8.409792362219504e-13,8.409792362219504e-13,8.409792362219504e-13,1.0,3
4,1.3536015152931213,8.409792362219504e-13,8.409792362219504e-13,8.409792362219504e-13,1.0,3
5,1.3342211544513702,8.409580193749655e-13,8.409580193749655e-13,8.409792362219504e-13,0.9999960859678032,3
6,1.3104973137378693,0.0026866824517633985,0.0013451482193589147,0.0013455667787960997,0.9999517269362391,3
7,1.281474769115448,0.050279876626588865,0.02578825341372043,0.02591057026883927,0.9992641619469963,3
8,1.2494280934333801,0.185842293907418,0.10243998814654547,0.10465145615630049,0.9966508931169139,3
9,1.2159262001514435,0.39265086636166063,0.24428474072296924,0.265278490274693,0.9866675016602038,3
10,1.1855443716049194,0.4679594018325107,0.30544843419466,0.3423794666515214,0.9812426530353997,3
11,1.1575067341327667,0.5041358293428976,0.337019790454511,0.3798030426633982,0.9803058946629587,3
12,1.1311756670475006,0.5469462267445854,0.3764115525604703,0.428335954385767,0.9785993766251416,3
13,1.1070272624492645,0.5241788373509837,0.35517774823778914,0.3842350032382879,0.9873080982630846,3
14,1.0891961753368378,0.5345081100953829,0.3647294903355192,0.3913076386149145,0.9886949703381608,3
15,1.069069892168045,0.564194691157209,0.3929465141846216,0.4239039938108773,0.9877777821267041,3
16,1.0516567826271057,0.6104034309189146,0.439266650840151,0.4823772801053895,0.9847744147543378,3
17,1.0389451086521149,0.6448365787579555,0.47583676525685076,0.5344254850351661,0.9808982182020788,3
18,1.0274500250816345,0.6820112240256323,0.5174636055012389,0.605034101708361,0.9737459767010744,3
19,1.0170910358428955,0.6859015709191746,0.5219560085762905,0.6080700367511223,0.9744048387875406,3
20,1.0060764849185944,0.685042097666738,0.5209612387221138,0.5987183476443342,0.9768445855235636,3
21,0.9978203028440475,0.7023767719520106,0.5412794382609857,0.6392030880760589,0.9719337797939429,3
22,0.9899621456861496,0.7058512321741218,0.5454173814654558,0.628329226551709,0.9764166513367103,3
23,0.9822172373533249,0.7135345559205779,0.5546472773167874,0.6504974392185197,0.9731901841291248,3
24,0.9785968512296677,0.7192809909490615,0.5616227961528225,0.6673170239429587,0.9708039291664584,3
25,0.9711032509803772,0.7266585423215416,0.5706706068037405,0.7145800570186323,0.9608779435153018,3
26,0.9650524258613586,0.7267492056536752,0.5707824482661874,0.6972811141295467,0.9656178365056609,3
27,0.9584983289241791,0.730215374658542,0.57507026001545,0.6831694825457424,0.970837850778831,3
28,0.954383134841919,0.7326475432216285,0.5780929679847823,0.6995853972367949,0.96739611180042,3
29,0.9499860405921936,0.7340003176116817,0.5797792272958355,0.6802260552189656,0.9731223409043798,3
30,0.9465530067682266,0.7386110766431987,0.5855537994402094,0.7508851306463339,0.9561967610078951,3
31,0.9395618885755539,0.7397181822456782,0.5869466430642855,0.7277834310273169,0.9627749444533646,3
32,0.9364861398935318,0.7420568077503533,0.589896914520819,0.7002077218715991,0.9709891933571083,3
33,0.931176021695137,0.7456280777463739,0.5944234437318575,0.7207276152354147,0.9670360208383117,3
34,0.9267762005329132,0.7447775301555924,0.5933430511709119,0.7222918366147876,0.9662845266565206,3
35,0.9246687591075897,0.748057375443594,0.5975172989327879,0.7225693597627407,0.96753179824991,3
36,0.9196709543466568,0.7501010728619365,0.6001293837251617,0.7411465910908837,0.9635460087961398,3
37,0.9177453517913818,0.7474537627973189,0.5967474418084472,0.714075469476899,0.9694979470901167,3
38,0.9140149056911469,0.7481317344457125,0.5976121889427706,0.7240410734261292,0.9671795353521955,3
39,0.9112740755081177,0.7504216827255834,0.6005399360342478,0.7090127744748429,0.971978138825507,3
40,0.9078389555215836,0.7535354149741915,0.6045381666088501,0.7293056034448786,0.9679819119525452,3
41,0.9052965492010117,0.7558868415834953,0.6075708117626134,0.7372612670195382,0.9668846782600343,3
42,0.9030084013938904,0.7553209388408533,0.6068399175427618,0.7550732072427192,0.962104340270308,3
43,0.8984679281711578,0.7570624306733819,0.6090912764699007,0.7605227526934374,0.9614298220550546,3
44,0.897358849644661,0.7576688653253079,0.6098767423420233,0.7631550177028121,0.961009715932595,3
45,0.8931637406349182,0.7600628405827907,0.6129849684803368,0.7466045463339641,0.9661827618194031,3
46,0.8913154453039169,0.7630881844823963,0.6169301440161556,0.7522138778395645,0.965980536822567,3
47,0.8886522799730301,0.7640853219773676,0.6182346852616115,0.7635166387743876,0.9635433994413419,3
48,0.885403648018837,0.761854672445087,0.6153192646211878,0.7613805515143838,0.9631741757374411,3
49,0.8830454349517822,0.7655151044386864,0.6201089273682625,0.7583530262639848,0.9654143068314258,3
50,0.8801008611917496,0.7625519408549797,0.6162294532038805,0.7724310186783402,0.9606757185184657,3
51,0.8786037266254425,0.7667768272066373,0.6217664767602272,0.7590258096529623,0.965752218277752,3
52,0.8771415799856186,0.7688318227594122,0.6244734366695128,0.7704547174732186,0.9637338823415875,3
53,0.8748500645160675,0.7665718030173568,0.6214969018000361,0.7599929357746176,0.9654286582828142,3
54,0.8712427765130997,0.7706824368087599,0.6269189181746245,0.765526579148958,0.9657000311817943,3
55,0.8698235005140305,0.769181651954437,0.6249351524341419,0.7800587003508733,0.9614911418928049,3
56,0.8672416061162949,0.7718821631718432,0.6285082261857953,0.7646183215738382,0.9664032522998245,3
57,0.865946352481842,0.7690394419325769,0.6247474274400017,0.7852727716154494,0.9601381914301013,3
58,0.8641978949308395,0.7696106890140724,0.625501767727103,0.7692352975806968,0.9643509947512875,3
59,0.8613564223051071,0.77058431569345,0.6267890718575388,0.7877704799470286,0.9601551522362874,3
60,0.8589856773614883,0.770120847399673,0.6261760318252105,0.7942460200659376,0.9583599161353422,3
61,0.8583453297615051,0.768093850225086,0.6235002969711453,0.7945487725909776,0.9574401185690876,3
62,0.8552736043930054,0.7710665093778301,0.6274273711815086,0.7888048844075816,0.960097746430734,3
63,0.855146512389183,0.7704601391991286,0.6266247754647295,0.7950365405479862,0.9583051196845866,3
64,0.851073682308197,0.7707343036705887,0.6269875633658003,0.7915632963023896,0.9592784090241979,3
65,0.8500290662050247,0.7731343902187242,0.6301703984976081,0.7843729238326919,0.9620378017229619,3
66,0.8502766191959381,0.7732513514290984,0.6303258229222815,0.7921519817677449,0.9601708083650748,3
67,0.8494206815958023,0.7728106618404127,0.6297403650846145,0.790007484715379,0.9605178525531936,3
68,0.8483060449361801,0.7739237331075005,0.6312198955364904,0.7835824033506433,0.9625531492955444,3
69,0.8459026962518692,0.7719928186715472,0.6286549707604807,0.795566357466806,0.9588100298379775,3
70,0.845642477273941,0.7730651651874091,0.6300784224662128,0.7932452547748335,0.9598250688543549,3
71,0.8442860245704651,0.777193811267367,0.6355821702808329,0.7747689409550372,0.96602620053153,3
72,0.8442208021879196,0.7768540938409729,0.6351279025088962,0.7784187908402405,0.964999419418562,3
73,0.8432043045759201,0.774256192591107,0.631662332627209,0.7946496900993242,0.9599698880456377,3
74,0.840855747461319,0.7756115845797993,0.6334685748507072,0.7917651313190829,0.9612328157678143,3
75,0.8407690525054932,0.775136705329646,0.6328352794165562,0.7921603915601072,0.96094187270785,3
76,0.840257316827774,0.7786688117827495,0.6375574613135894,0.7896374538514414,0.962994130256387,3
77,0.838794469833374,0.7766407321143364,0.6348427256833215,0.7907811856127032,0.9618929825316793,3
78,0.8382081389427185,0.7763754757152738,0.6344883257135259,0.7866099286010423,0.9628049520335403,3
79,0.8365871012210846,0.7801037632075642,0.6394837033507877,0.7783094635395317,0.966321057623691,3
80,0.8361804336309433,0.7797058750094548,0.6389491345093922,0.787862987663013,0.9638434752430988,3
1,1.5814343988895416,0.22180140469612059,0.12473376442989735,1.0,1.2902509925254094e-13,4
2,1.5609930455684662,0.22180140469612059,0.12473376442989735,1.0,1.2902509925254094e-13,4
3,1.543971598148346,0.22180140469612059,0.12473376442989735,1.0,1.2902509925254094e-13,4
4,1.5234550833702087,0.22180185010595768,0.12473404615748931,1.0,2.5805021140759182e-06,4
5,1.5018665492534637,0.22493055249358163,0.12671648019724285,0.9237037238233029,0.10368198925748588,4
6,1.4806209206581116,0.21412118688019616,0.11989681791805974,0.57020760337202,0.46476001976671427,4
7,1.4575113356113434,0.2148126126785313,0.12033056821054143,0.5593430571026434,0.48007013804402077,4
8,1.4328162372112274,0.2294156255399322,0.12957056938339467,0.4509601542770541,0.6465163868327761,4
9,1.4069885909557343,0.2108959549715584,0.11787797113195633,0.22728630795626362,0.8677299195012577,4
10,1.3768061101436615,0.25126650316432597,0.1436848459868487,0.17670279128375777,0.9672521395587126,4
11,1.344082772731781,0.26358854874005555,0.15180074316451886,0.1730993834377479,0.9800049803688338,4
12,1.315491497516632,0.32990464156724125,0.19753641006304967,0.22693321020250887,0.9787921444358598,4
13,1.2852358222007751,0.4471255555494693,0.2879341321816206,0.3511330816385989,0.9687204451882065,4
14,1.2603048980236053,0.48763343175136975,0.322430713551444,0.3887787344619888,0.9706751754418825,4
15,1.236724466085434,0.4900145506405818,0.3245160745415477,0.3826493196083488,0.9744710938618922,4
16,1.2168948352336884,0.5460319848676185,0.37554607748248076,0.45997772768063666,0.9679604873536091,4
17,1.1963914334774017,0.5907018432642966,0.4191461121561365,0.5489493078382731,0.9558669648006684,4
18,1.1817219257354736,0.6099648243629306,0.4388125099666252,0.5730414391906157,0.9564075799665365,4
19,1.1686235964298248,0.6291765075639889,0.45897703901044606,0.6162370643999454,0.9511717414388684,4
20,1.158868283033371,0.6398921709731388,0.4704716474069669,0.6339915437618183,0.950468554647942,4
21,1.147219568490982,0.6490113872556674,0.4803973779893881,0.661533168554688,0.9462662071652868,4
22,1.1403599679470062,0.6565372020143067,0.4886902733733332,0.6752315506426604,0.9456017279041362,4
23,1.1326996684074402,0.6622056760740068,0.4949981205861827,0.6796045305160844,0.9468519811158933,4
24,1.126363068819046,0.663530601922246,0.4964802058893495,0.7126055898093158,0.9379634420283858,4
25,1.118654489517212,0.6692578274072619,0.5029207318976946,0.7303781767483043,0.9355468019193857,4
26,1.1144066452980042,0.672929023469781,0.5070783969893093,0.7513920199909903,0.9313380031817678,4
27,1.108777493238449,0.6717972429684439,0.505794194005484,0.776108862753822,0.9238377741622176,4
28,1.1025808453559875,0.6839972299510799,0.5197536399758873,0.7556382468246049,0.9353235884976788,4
29,1.0994599163532257,0.6808816370119192,0.5161641715530128,0.7850811672146154,0.9257537968861178,4
30,1.0940468311309814,0.6775420137591043,0.5123353791262681,0.8034060352556306,0.9190367502190305,4
31,1.0905199646949768,0.6806783447654444,0.5159305481456796,0.8054702990468122,0.9200237922283125,4
32,1.0877006649971008,0.684080609539069,0.5198499349566067,0.810440828965052,0.9203386134704887,4
33,1.0843297839164734,0.6839318626506035,0.5196781558956711,0.8180822265078469,0.9181697015520535,4
34,1.0808115303516388,0.6949928908740504,0.5325587010324545,0.7988067106682613,0.9287536304437394,4
35,1.076088309288025,0.6840019145054878,0.5197590498383134,0.8280776090756733,0.9154640452207277,4
36,1.0733465254306793,0.6807208035523251,0.5159793358262815,0.8446007731936835,0.9092372939308001,4
37,1.0701749920845032,0.6958913071593285,0.5336144992973572,0.8282134159040405,0.9213230749777855,4
38,1.0667991936206818,0.6872940966967592,0.5235705080379821,0.8386343265340842,0.9142434677817987,4
39,1.0636919438838959,0.6857387827206459,0.521767494699697,0.8399742872406407,0.9130886931434884,4
40,1.0608989894390106,0.6957864449165816,0.5334911926078352,0.8363346642403995,0.9191025530196494,4
41,1.057245671749115,0.7022576138160689,0.5411379186598533,0.8327765253371787,0.9231965194189324,4
42,1.0553869307041168,0.6998605584465305,0.5382965365703217,0.8383898742430232,0.9205527951352479,4
43,1.0516819655895233,0.6873659252569728,0.5236538792364591,0.854351703470449,0.9100024127693677,4
44,1.0503718554973602,0.6866764433523871,0.5228539759884974,0.8627083503093111,0.9073690104936233,4
45,1.0473600625991821,0.713726683599333,0.5548794913951124,0.8281319318070202,0.9298206680145579,4
46,1.0451266467571259,0.6893884632067048,0.5260051844909128,0.8634598147596098,0.9085741049206421,4
47,1.0432270467281342,0.7006282824209041,0.5392054274710866,0.849100506106917,0.9180961572454795,4
48,1.0413864254951477,0.6890026346584316,0.5255560788095777,0.8689464106256449,0.9068864566224187,4
49,1.0387963652610779,0.6975711750978459,0.5355925496738161,0.8578374120652074,0.9142576605427164,4
50,1.0355762541294098,0.7051961188327632,0.544635468807226,0.8521335252737846,0.9195399481061155,4
51,1.0325560569763184,0.6973855370917729,0.5353737095279556,0.8615585191624688,0.9131738497089951,4
52,1.0302761793136597,0.6964080313333759,0.5342224009295368,0.8660854134413757,0.9114720086498541,4
53,1.0304644703865051,0.6978467592087668,0.5359175382345169,0.8670722763941775,0.9119403697601408,4
54,1.028272271156311,0.6983581561448958,0.5365209788252662,0.8666739096976336,0.9123055107910255,4
55,1.0268124341964722,0.698388983430799,0.536557369706188,0.8675973961305307,0.912075846114356,4
56,1.0256381332874298,0.7000982853051777,0.5385778612267683,0.8674072665708166,0.9129906340680565,4
57,1.0246124267578125,0.703728003892508,0.5428860655833535,0.864274655729813,0.915634358351741,4
1,1.4153805375099182,8.621061252632767e-13,8.621061252632767e-13,8.621061252632767e-13,1.0,5
2,1.4019481241703033,8.621061252632767e-13,8.621061252632767e-13,8.621061252632767e-13,1.0,5
3,1.388550728559494,0.0001378953727483083,6.89524409163185e-05,6.896849088316826e-05,0.9999648947166548,5
4,1.3744626343250275,0.0031707128970862256,0.001587873794931174,0.0015948963325991682,0.9993329996164424,5
5,1.3571331202983856,0.006611513918253562,0.0033167212338516567,0.0033449717668836204,0.9987154066687038,5
6,1.3402272164821625,0.0143734041302278,0.00723872462272854,0.0073279020655999585,0.9981420203740665,5
7,1.3156419694423676,0.03800865872891366,0.01937249055600033,0.019716367085633246,0.9973228970960133,5
8,1.288487821817398,0.15892443065836476,0.08632151406794092,0.08921936290435863,0.9949370380242233,5
9,1.257632702589035,0.36869636133150135,0.22601332614750466,0.2494417862845386,0.9843664471502982,5
10,1.2254747152328491,0.45897995450288037,0.2978416509534916,0.34179059442274085,0.9777458507505409,5
11,1.19607013463974,0.53041893613697,0.3609320704929356,0.4504159662059137,0.9626089726503887,5
12,1.1687758564949036,0.5597641121936198,0.3886614109071356,0.4934436829178038,0.9593402807122525,5
13,1.1436857879161835,0.5972153202564231,0.4257355593346307,0.5698349066773828,0.9489530174291297,5
14,1.123922735452652,0.610411406999762,0.4392749120673907,0.5534117849911173,0.9608134024170689,5
15,1.1035237610340118,0.616273234475279,0.44537205597945917,0.5399370662532523,0.9679774806108361,5
16,1.0866893231868744,0.639953180241851,0.4705376101360282,0.5750420276739729,0.9665043589060197,5
17,1.0715599358081818,0.650538122809785,0.4820722495433157,0.586499418078722,0.9673299831624702,5
18,1.0582415759563446,0.6552435823696269,0.48725819321576086,0.5843527738268164,0.9699472770652022,5
19,1.0475466847419739,0.6774380998212783,0.5122165546504519,0.6432260011210456,0.9614257945820897,5
20,1.0386338531970978,0.6828717299960769,0.5184549945118562,0.6514935988623204,0.961299675601183,5
21,1.027403324842453,0.6862287367973517,0.5223350182928461,0.6449674554940774,0.9645917710615494,5
22,1.020360678434372,0.6969182367453358,0.5348231065753496,0.6722186301136496,0.9612554689480817,5
23,1.0102560222148895,0.7001784865418904,0.5386727941433341,0.6730031466876392,0.9623905397762412,5
24,1.0041079819202423,0.7066427321037738,0.5463631354184141,0.6838311996209459,0.9620537890952637,5
25,1.000126600265503,0.7105785039918511,0.5510831843519619,0.7228242596666039,0.9529992263835768,5
26,0.9914505928754807,0.7145785002879269,0.555909871157579,0.7063666537353279,0.9591816568393596,5
27,0.9866571128368378,0.7183709684576024,0.5605139636960799,0.6979956032590215,0.9630081327239798,5
28,0.980210468173027,0.7215511679478892,0.5643958130024435,0.7279365489894151,0.9562991230180199,5
29,0.975709855556488,0.7244758373268674,0.5679828407238948,0.7259623259625622,0.9580517867939179,5
30,0.9693422913551331,0.7249411260973132,0.5685550219956557,0.7298159403424891,0.9572235621461086,5
31,0.9651437401771545,0.7274751850789782,0.5716785846131532,0.7209276261910247,0.9606261742392281,5
32,0.9596428424119949,0.7317279921001255,0.5769487834963536,0.721858700806309,0.9621200990749157,5
33,0.9561156034469604,0.7333500349416396,0.5789681878750423,0.719229277124256,0.9634632012117871,5
34,0.9504229426383972,0.7338832454564583,0.5796331521741986,0.7355661881979951,0.9594273938227756,5
35,0.944308415055275,0.7361731084453981,0.5824952082955195,0.7414629940947959,0.9588410055713439,5
36,0.9403152316808701,0.7371164924537805,0.5836773447823208,0.7313591103067103,0.9618405570038341,5
37,0.9374969303607941,0.7366934334714688,0.5831469993035974,0.7576964524335035,0.9548572060095103,5
38,0.9319644719362259,0.7410480442632111,0.5886229739638446,0.7476442950129336,0.9592557679930882,5
39,0.9296623915433884,0.743629992129663,0.5918877301045763,0.7290228027072468,0.9650572411147923,5
40,0.9260027706623077,0.7431612888978365,0.5912940796089216,0.725238156817341,0.9658360583267827,5
41,0.9222298115491867,0.7403456439199391,0.5877371362601429,0.7724212250530001,0.9526091676797419,5
42,0.9167245775461197,0.7420683716097833,0.5899115300563536,0.7725936462780528,0.9532956709984913,5
43,0.9127701967954636,0.7490135305839165,0.5987383148386121,0.7437734385105015,0.9634671017988254,5
44,0.9110292941331863,0.7504420058246902,0.6005659675845161,0.7519720677617553,0.9619783777458557,5
45,0.909109428524971,0.7511006423983936,0.6014100638509273,0.7559894823054821,0.96123596601289,5
46,0.9044360965490341,0.7552587933746504,0.6067596937860052,0.7557308504679031,0.9629717272449552,5
47,0.9015301167964935,0.7556415049744276,0.607253864537701,0.7579378421485772,0.9625764677584026,5
48,0.8963192105293274,0.7545360859576655,0.6058273366659619,0.770076296392284,0.9591114462726693,5
49,0.8950591534376144,0.7578306128787652,0.6100863704548593,0.767895167895368,0.9609889288337946,5
50,0.8889476209878922,0.7572799142323928,0.6093728772113622,0.7733695417907898,0.9594117914746222,5
51,0.8880127519369125,0.7580712894975639,0.6103983933111933,0.770334928229863,0.9604831527144887,5
52,0.8846414387226105,0.7586799311107525,0.6111880006820445,0.7728436570543792,0.9601099965544866,5
53,0.8826754540205002,0.759377302558406,0.6120936720926969,0.7641105220054623,0.9625439628664163,5
54,0.8798245489597321,0.7621252530167568,0.6156723488174046,0.7563170826330822,0.9655474148859449,5
55,0.8770725578069687,0.7617243092574414,0.6151492070403314,0.7798094745465065,0.9596302243487698,5
56,0.8745269030332565,0.7631190467075232,0.616970489097051,0.7732143626882424,0.9618067519161684,5
57,0.8718993961811066,0.762524733051895,0.6161939179056211,0.779093926462538,0.9601294994896784,5
58,0.8692998588085175,0.7645650981776827,0.6188631202259867,0.775266175266369,0.9618847636569353,5
59,0.8663471043109894,0.7649801062141336,0.6194071124387345,0.7724126039917476,0.962745493196731,5
60,0.864264726638794,0.765872345951663,0.6205778984366153,0.7626535626537673,0.9654720035365367,5
61,0.8614077717065811,0.7647173804041215,0.6190626891961452,0.7757403336352638,0.9618301554383984,5
62,0.858262225985527,0.7661618587718731,0.6209581574528223,0.7837579206002123,0.9604597491922586,5
63,0.8565114736557007,0.7677764464225575,0.6230821056728532,0.7733695417907898,0.9636231252803594,5
64,0.856222540140152,0.7625915261210355,0.6162811571272505,0.7991120306911512,0.9552576662787807,5
65,0.8515832871198654,0.7690765450637439,0.6247964014169597,0.777145566619443,0.9632252654024478,5
66,0.8512647151947021,0.7700587084149724,0.6260938743041614,0.7666795982587468,0.9661351033330561,5
67,0.8483168184757233,0.7678479129635508,0.6231762467006192,0.787637398163897,0.9601984098606892,5
68,0.8451281934976578,0.7690034103828179,0.6246998707137948,0.7873011767750444,0.960744492046058,5
69,0.8428168594837189,0.771886962880222,0.628514590717678,0.7735505840770951,0.9651976622481728,5
70,0.8400145769119263,0.7728645031438862,0.6298118709173537,0.7746368377949269,0.9653198806420411,5
71,0.8387724012136459,0.7727301956111731,0.6296335107797644,0.7769903875168955,0.964703587889982,5
72,0.8366544246673584,0.7732425526077564,0.6303141295385005,0.7773955773957693,0.964807603544338,5
73,0.8343364000320435,0.7737349252603326,0.6309687368571212,0.7760162075953481,0.9653302822074767,5
74,0.8316327929496765,0.7741514245901623,0.6315228814713122,0.7615242036296723,0.9689539275661028,5
75,0.8291458934545517,0.7741979868514242,0.6315848550966153,0.7761369024528849,0.9654824051019724,5
76,0.8262324780225754,0.7741171238208614,0.6314772307072319,0.7802836329154013,0.9644604512979249,5
77,0.8255336284637451,0.7732092436043858,0.6302698643379734,0.7814216130007489,0.9638311565890714,5
78,0.8222514390945435,0.7736190607545284,0.6308146482043784,0.7737057631796425,0.9658373585224621,5
79,0.8221646547317505,0.7731950381468046,0.6302509870672389,0.7789042631149801,0.9644279464059388,5
80,0.8186580687761307,0.774469877826247,0.6319468316720867,0.7607224449331775,0.9692672747248501,5
